student_id,full_name,gender,state_of_origin,dob,email,phone,jamb_score,waec_grades,subject_scores,first_choice,second_choice,third_choice,"
        ""passport_photo"": f""https://cdn.example.com/{student_id}/passport.jpg"",
        ""waec_result_file"": f""https://cdn.example.com/{student_id}/waec.pdf"",
        ""jamb_result_file"": f""https://cdn.example.com/{student_id}/jamb.pdf"",created_at",last_login,completion_rate
3b659911-4c1e-42e1-8c9a-1ac07f82352d,Allison Hill,Male,Anambra,4/12/2002,donaldgarcia@example.net,-911,282,"{""English"": ""B2"", ""Mathematics"": ""C6"", ""Physics"": ""A1"", ""Chemistry"": ""C4"", ""Biology"": ""B2"", ""Government"": ""C4"", ""Economics"": ""A1"", ""Literature"": ""C4"", ""CRS"": ""B2"", ""Geography"": ""C6""}","{""English"": 44, ""Mathematics"": 44, ""Physics"": 42, ""Chemistry"": 72, ""Biology"": 47, ""Government"": 82, ""Economics"": 45, ""Literature"": 59, ""CRS"": 67, ""Geography"": 58}",Economics,Accounting,Law,2025-11-28T14:48:49.359384+00:00,2025-11-28T14:48:49.359394+00:00,68
60d4d461-d3ce-4c76-8eb2-b44c7fc244c1,Meredith Barnes,Female,Enugu,6/13/2004,zlawrence@example.org,001-626-254-2351x16155,333,"{""English"": ""C6"", ""Mathematics"": ""C5"", ""Physics"": ""A1"", ""Chemistry"": ""C5"", ""Biology"": ""C4"", ""Government"": ""B3"", ""Economics"": ""C5"", ""Literature"": ""C4"", ""CRS"": ""C5"", ""Geography"": ""B3""}","{""English"": 74, ""Mathematics"": 40, ""Physics"": 49, ""Chemistry"": 40, ""Biology"": 67, ""Government"": 40, ""Economics"": 85, ""Literature"": 53, ""CRS"": 91, ""Geography"": 83}",Architecture,Accounting,Medicine,2025-11-28T14:48:49.359737+00:00,2025-11-28T14:48:49.359743+00:00,45
a8bb0bd8-a0dc-4f03-bab5-c72d3716446d,Kimberly Dudley,Male,Lagos,7/26/2004,smiller@example.net,+1-659-931-0341x316,143,"{""English"": ""B2"", ""Mathematics"": ""A1"", ""Physics"": ""A1"", ""Chemistry"": ""C5"", ""Biology"": ""B2"", ""Government"": ""A1"", ""Economics"": ""C6"", ""Literature"": ""C4"", ""CRS"": ""B2"", ""Geography"": ""A1""}","{""English"": 72, ""Mathematics"": 73, ""Physics"": 95, ""Chemistry"": 45, ""Biology"": 68, ""Government"": 67, ""Economics"": 98, ""Literature"": 92, ""CRS"": 40, ""Geography"": 85}",Medicine,Psychology,Economics,2025-11-28T14:48:49.360043+00:00,2025-11-28T14:48:49.360048+00:00,86
7d404aec-0b26-4733-8f37-a9de6a3276ff,Holly Wood,Male,Kaduna,8/10/2007,elizabethmiles@example.net,+1-219-528-3276x4835,320,"{""English"": ""C4"", ""Mathematics"": ""A1"", ""Physics"": ""C5"", ""Chemistry"": ""C4"", ""Biology"": ""C5"", ""Government"": ""B2"", ""Economics"": ""B2"", ""Literature"": ""B2"", ""CRS"": ""C5"", ""Geography"": ""A1""}","{""English"": 61, ""Mathematics"": 51, ""Physics"": 68, ""Chemistry"": 73, ""Biology"": 48, ""Government"": 47, ""Economics"": 41, ""Literature"": 60, ""CRS"": 97, ""Geography"": 71}",Accounting,Accounting,Accounting,2025-11-28T14:48:49.360402+00:00,2025-11-28T14:48:49.360406+00:00,77
6d02bd35-eb5e-4028-ae99-c1483baf6638,Renee Morales,Male,Kano,2/17/2008,clarksherri@example.net,837-767-2423x88496,143,"{""English"": ""A1"", ""Mathematics"": ""A1"", ""Physics"": ""C4"", ""Chemistry"": ""A1"", ""Biology"": ""A1"", ""Government"": ""C4"", ""Economics"": ""B2"", ""Literature"": ""C5"", ""CRS"": ""A1"", ""Geography"": ""A1""}","{""English"": 40, ""Mathematics"": 43, ""Physics"": 89, ""Chemistry"": 67, ""Biology"": 89, ""Government"": 76, ""Economics"": 90, ""Literature"": 50, ""CRS"": 42, ""Geography"": 54}",Pharmacy,Accounting,Pharmacy,2025-11-28T14:48:49.360757+00:00,2025-11-28T14:48:49.360762+00:00,58
43b42235-3c42-4f8a-b9a7-11df147705b6,Zachary Hicks,Male,Kano,8/21/2006,camposmichelle@example.org,+1-326-691-6697x8480,242,"{""English"": ""C4"", ""Mathematics"": ""B3"", ""Physics"": ""C5"", ""Chemistry"": ""B3"", ""Biology"": ""B3"", ""Government"": ""C4"", ""Economics"": ""B2"", ""Literature"": ""B3"", ""CRS"": ""A1"", ""Geography"": ""C5""}","{""English"": 75, ""Mathematics"": 71, ""Physics"": 60, ""Chemistry"": 64, ""Biology"": 72, ""Government"": 58, ""Economics"": 86, ""Literature"": 62, ""CRS"": 45, ""Geography"": 66}",Law,Accounting,Medicine,2025-11-28T14:48:49.361120+00:00,2025-11-28T14:48:49.361124+00:00,65
3e7fea4b-fadd-4c74-99ff-29268758c7fa,Gina Carter,Male,Abuja,3/24/2007,shawnmckay@example.net,282-781-4893x252,267,"{""English"": ""A1"", ""Mathematics"": ""A1"", ""Physics"": ""C6"", ""Chemistry"": ""C6"", ""Biology"": ""C5"", ""Government"": ""C6"", ""Economics"": ""B3"", ""Literature"": ""B2"", ""CRS"": ""B2"", ""Geography"": ""C5""}","{""English"": 81, ""Mathematics"": 82, ""Physics"": 75, ""Chemistry"": 61, ""Biology"": 86, ""Government"": 58, ""Economics"": 67, ""Literature"": 84, ""CRS"": 55, ""Geography"": 41}",Accounting,Computer Science,Psychology,2025-11-28T14:48:49.361461+00:00,2025-11-28T14:48:49.361466+00:00,62
60c1dedb-5ca8-47c9-80f8-3eadfc0e0949,Brian Cox DVM,Female,Rivers,3/12/2005,john39@example.org,671-882-2782,151,"{""English"": ""C6"", ""Mathematics"": ""C5"", ""Physics"": ""C6"", ""Chemistry"": ""B2"", ""Biology"": ""C6"", ""Government"": ""B2"", ""Economics"": ""B3"", ""Literature"": ""C4"", ""CRS"": ""C5"", ""Geography"": ""C6""}","{""English"": 86, ""Mathematics"": 66, ""Physics"": 81, ""Chemistry"": 60, ""Biology"": 85, ""Government"": 62, ""Economics"": 58, ""Literature"": 53, ""CRS"": 40, ""Geography"": 90}",Architecture,Psychology,Psychology,2025-11-28T14:48:49.361731+00:00,2025-11-28T14:48:49.361736+00:00,75
96453dcd-cfd1-4679-b84a-8fdffe6caebe,Tanya Campos,Female,Kano,9/16/2002,jenniferross@example.net,+1-557-587-1331x5098,318,"{""English"": ""C5"", ""Mathematics"": ""C4"", ""Physics"": ""C5"", ""Chemistry"": ""B3"", ""Biology"": ""C6"", ""Government"": ""C4"", ""Economics"": ""B2"", ""Literature"": ""B2"", ""CRS"": ""B3"", ""Geography"": ""A1""}","{""English"": 43, ""Mathematics"": 69, ""Physics"": 75, ""Chemistry"": 73, ""Biology"": 59, ""Government"": 61, ""Economics"": 90, ""Literature"": 66, ""CRS"": 72, ""Geography"": 57}",Accounting,Architecture,Architecture,2025-11-28T14:48:49.362086+00:00,2025-11-28T14:48:49.362091+00:00,65
690e6f83-6c59-4f5a-a6a2-f4ad4348ffa7,Michael Brown,Male,Kaduna,8/28/2004,whiteheadmichele@example.org,334.373.8299x73763,334,"{""English"": ""C5"", ""Mathematics"": ""A1"", ""Physics"": ""A1"", ""Chemistry"": ""C5"", ""Biology"": ""C5"", ""Government"": ""B3"", ""Economics"": ""C5"", ""Literature"": ""C4"", ""CRS"": ""C5"", ""Geography"": ""B3""}","{""English"": 90, ""Mathematics"": 67, ""Physics"": 73, ""Chemistry"": 73, ""Biology"": 89, ""Government"": 85, ""Economics"": 87, ""Literature"": 61, ""CRS"": 83, ""Geography"": 77}",Accounting,Accounting,Computer Science,2025-11-28T14:48:49.362423+00:00,2025-11-28T14:48:49.362427+00:00,99
b508687f-39ff-4639-a3f5-576e0f3b4871,Heather Jenkins,Male,Kaduna,11/26/2000,nuneztracey@example.org,4658133387,356,"{""English"": ""B2"", ""Mathematics"": ""C4"", ""Physics"": ""C5"", ""Chemistry"": ""A1"", ""Biology"": ""B3"", ""Government"": ""C5"", ""Economics"": ""A1"", ""Literature"": ""A1"", ""CRS"": ""C4"", ""Geography"": ""C4""}","{""English"": 95, ""Mathematics"": 91, ""Physics"": 76, ""Chemistry"": 66, ""Biology"": 61, ""Government"": 57, ""Economics"": 92, ""Literature"": 83, ""CRS"": 64, ""Geography"": 86}",Architecture,Psychology,Accounting,2025-11-28T14:48:49.362756+00:00,2025-11-28T14:48:49.362760+00:00,42
9ac8e7a4-febf-49e1-98b6-b5c6998d9059,Joel Baxter,Male,Delta,5/14/2006,ramosmichelle@example.net,908-501-3267,215,"{""English"": ""C5"", ""Mathematics"": ""C6"", ""Physics"": ""C5"", ""Chemistry"": ""C6"", ""Biology"": ""B3"", ""Government"": ""B3"", ""Economics"": ""C6"", ""Literature"": ""B3"", ""CRS"": ""B3"", ""Geography"": ""B3""}","{""English"": 44, ""Mathematics"": 87, ""Physics"": 53, ""Chemistry"": 53, ""Biology"": 52, ""Government"": 77, ""Economics"": 90, ""Literature"": 97, ""CRS"": 90, ""Geography"": 87}",Psychology,Accounting,Pharmacy,2025-11-28T14:48:49.363098+00:00,2025-11-28T14:48:49.363104+00:00,81
792ed631-a11a-466d-bdc5-c39f5cfd15af,Stephanie Martin,Male,Enugu,3/17/2001,gallowayjoseph@example.com,268-272-3430x9805,164,"{""English"": ""B2"", ""Mathematics"": ""C4"", ""Physics"": ""C5"", ""Chemistry"": ""C5"", ""Biology"": ""A1"", ""Government"": ""B2"", ""Economics"": ""B2"", ""Literature"": ""B2"", ""CRS"": ""A1"", ""Geography"": ""A1""}","{""English"": 96, ""Mathematics"": 78, ""Physics"": 79, ""Chemistry"": 54, ""Biology"": 75, ""Government"": 77, ""Economics"": 44, ""Literature"": 45, ""CRS"": 44, ""Geography"": 55}",Architecture,Medicine,Architecture,2025-11-28T14:48:49.363436+00:00,2025-11-28T14:48:49.363441+00:00,66
987dca79-7475-4aab-b7a2-e487dd6efb38,Kathryn Farrell,Female,Anambra,4/4/2000,brianromero@example.org,291-336-1939,276,"{""English"": ""C4"", ""Mathematics"": ""C4"", ""Physics"": ""C6"", ""Chemistry"": ""A1"", ""Biology"": ""B2"", ""Government"": ""A1"", ""Economics"": ""C6"", ""Literature"": ""C4"", ""CRS"": ""B2"", ""Geography"": ""B2""}","{""English"": 49, ""Mathematics"": 78, ""Physics"": 47, ""Chemistry"": 44, ""Biology"": 50, ""Government"": 80, ""Economics"": 56, ""Literature"": 59, ""CRS"": 58, ""Geography"": 44}",Psychology,Architecture,Accounting,2025-11-28T14:48:49.363769+00:00,2025-11-28T14:48:49.363774+00:00,66
b5432030-e183-4cdb-a3c0-1cf43beb054d,Kevin Mills,Female,Lagos,3/21/2008,james53@example.com,(524)675-1079x9118,333,"{""English"": ""B3"", ""Mathematics"": ""A1"", ""Physics"": ""C6"", ""Chemistry"": ""C6"", ""Biology"": ""A1"", ""Government"": ""A1"", ""Economics"": ""B3"", ""Literature"": ""C6"", ""CRS"": ""C5"", ""Geography"": ""B3""}","{""English"": 80, ""Mathematics"": 91, ""Physics"": 51, ""Chemistry"": 86, ""Biology"": 46, ""Government"": 72, ""Economics"": 42, ""Literature"": 64, ""CRS"": 47, ""Geography"": 84}",Architecture,Psychology,Economics,2025-11-28T14:48:49.364027+00:00,2025-11-28T14:48:49.364031+00:00,76
274b079a-dd7a-4671-8165-25fcc25eb946,Gregory Jones,Male,Enugu,7/12/2000,mikemoore@example.net,001-449-680-8412x411,166,"{""English"": ""C4"", ""Mathematics"": ""C4"", ""Physics"": ""C4"", ""Chemistry"": ""B3"", ""Biology"": ""A1"", ""Government"": ""C6"", ""Economics"": ""B3"", ""Literature"": ""C5"", ""CRS"": ""B3"", ""Geography"": ""A1""}","{""English"": 76, ""Mathematics"": 58, ""Physics"": 93, ""Chemistry"": 86, ""Biology"": 79, ""Government"": 44, ""Economics"": 51, ""Literature"": 97, ""CRS"": 63, ""Geography"": 79}",Law,Architecture,Economics,2025-11-28T14:48:49.364357+00:00,2025-11-28T14:48:49.364361+00:00,73
bfe34a23-1c50-4113-a954-96083d64a857,Daniel Cooper,Female,Kaduna,12/12/2002,william40@example.org,+1-264-300-5242x7868,155,"{""English"": ""B3"", ""Mathematics"": ""B3"", ""Physics"": ""C6"", ""Chemistry"": ""C4"", ""Biology"": ""C6"", ""Government"": ""B3"", ""Economics"": ""B3"", ""Literature"": ""C5"", ""CRS"": ""C4"", ""Geography"": ""B3""}","{""English"": 93, ""Mathematics"": 46, ""Physics"": 89, ""Chemistry"": 43, ""Biology"": 40, ""Government"": 57, ""Economics"": 67, ""Literature"": 98, ""CRS"": 45, ""Geography"": 94}",Law,Medicine,Computer Science,2025-11-28T14:48:49.364613+00:00,2025-11-28T14:48:49.364617+00:00,77
1d9e75fa-9866-467b-bb3a-1719de6b2fa3,Stephen Mckee,Female,Enugu,7/14/2005,davenportbrandi@example.org,(420)545-0533x15869,311,"{""English"": ""C4"", ""Mathematics"": ""C4"", ""Physics"": ""A1"", ""Chemistry"": ""C5"", ""Biology"": ""C5"", ""Government"": ""B3"", ""Economics"": ""B3"", ""Literature"": ""C5"", ""CRS"": ""A1"", ""Geography"": ""C6""}","{""English"": 60, ""Mathematics"": 92, ""Physics"": 48, ""Chemistry"": 88, ""Biology"": 64, ""Government"": 40, ""Economics"": 43, ""Literature"": 84, ""CRS"": 83, ""Geography"": 78}",Economics,Law,Medicine,2025-11-28T14:48:49.365021+00:00,2025-11-28T14:48:49.365026+00:00,63
53cb3a5a-d76d-4504-b027-f5026805f332,Vanessa Cochran,Male,Anambra,1/29/2006,vjohnson@example.com,(534)221-6073x37543,348,"{""English"": ""C5"", ""Mathematics"": ""B2"", ""Physics"": ""A1"", ""Chemistry"": ""A1"", ""Biology"": ""C4"", ""Government"": ""B3"", ""Economics"": ""C4"", ""Literature"": ""C4"", ""CRS"": ""C4"", ""Geography"": ""C4""}","{""English"": 48, ""Mathematics"": 82, ""Physics"": 50, ""Chemistry"": 64, ""Biology"": 50, ""Government"": 84, ""Economics"": 83, ""Literature"": 50, ""CRS"": 79, ""Geography"": 48}",Medicine,Economics,Computer Science,2025-11-28T14:48:49.365320+00:00,2025-11-28T14:48:49.365324+00:00,71
7bdcb640-d36c-42e4-9228-d17d5a6be98a,Jennifer Ramirez,Female,Kaduna,10/17/2003,rasmussenjoshua@example.net,768.750.1429x40196,173,"{""English"": ""B3"", ""Mathematics"": ""B2"", ""Physics"": ""B3"", ""Chemistry"": ""B2"", ""Biology"": ""C4"", ""Government"": ""B3"", ""Economics"": ""C6"", ""Literature"": ""A1"", ""CRS"": ""C5"", ""Geography"": ""B3""}","{""English"": 77, ""Mathematics"": 42, ""Physics"": 69, ""Chemistry"": 69, ""Biology"": 59, ""Government"": 50, ""Economics"": 56, ""Literature"": 63, ""CRS"": 41, ""Geography"": 73}",Architecture,Law,Law,2025-11-28T14:48:49.365678+00:00,2025-11-28T14:48:49.365683+00:00,97
ffc68547-e3cc-41b7-be0c-7d229e8699b0,William Wilson,Female,Delta,4/26/2000,jonathanfletcher@example.org,783.856.1595x14846,360,"{""English"": ""B2"", ""Mathematics"": ""C4"", ""Physics"": ""C5"", ""Chemistry"": ""A1"", ""Biology"": ""C6"", ""Government"": ""B3"", ""Economics"": ""C6"", ""Literature"": ""C4"", ""CRS"": ""B3"", ""Geography"": ""C4""}","{""English"": 71, ""Mathematics"": 60, ""Physics"": 78, ""Chemistry"": 50, ""Biology"": 53, ""Government"": 46, ""Economics"": 62, ""Literature"": 93, ""CRS"": 73, ""Geography"": 96}",Psychology,Psychology,Medicine,2025-11-28T14:48:49.366092+00:00,2025-11-28T14:48:49.366102+00:00,77
8d7688f3-ae18-4466-a67f-fba622088518,Kristen Lee,Male,Delta,5/26/2005,lbyrd@example.net,001-746-980-4436,355,"{""English"": ""B3"", ""Mathematics"": ""B3"", ""Physics"": ""C4"", ""Chemistry"": ""B3"", ""Biology"": ""B2"", ""Government"": ""B3"", ""Economics"": ""B3"", ""Literature"": ""B3"", ""CRS"": ""B3"", ""Geography"": ""C4""}","{""English"": 50, ""Mathematics"": 90, ""Physics"": 49, ""Chemistry"": 80, ""Biology"": 62, ""Government"": 47, ""Economics"": 88, ""Literature"": 53, ""CRS"": 93, ""Geography"": 69}",Psychology,Economics,Psychology,2025-11-28T14:48:49.366411+00:00,2025-11-28T14:48:49.366415+00:00,77
34e914ee-8dce-4a10-af34-beb3b92ec73f,Michael Dixon,Female,Kaduna,3/27/2008,donnacampbell@example.net,+1-395-913-4332x0037,183,"{""English"": ""C6"", ""Mathematics"": ""C6"", ""Physics"": ""C6"", ""Chemistry"": ""C4"", ""Biology"": ""C5"", ""Government"": ""B3"", ""Economics"": ""C5"", ""Literature"": ""A1"", ""CRS"": ""B3"", ""Geography"": ""C5""}","{""English"": 74, ""Mathematics"": 51, ""Physics"": 86, ""Chemistry"": 98, ""Biology"": 50, ""Government"": 45, ""Economics"": 51, ""Literature"": 58, ""CRS"": 79, ""Geography"": 46}",Economics,Computer Science,Medicine,2025-11-28T14:48:49.366824+00:00,2025-11-28T14:48:49.366829+00:00,99
0dec9ec6-76bf-4d68-9922-dffc95927ccf,Mark Lee,Male,Abuja,1/23/2001,psnyder@example.org,+1-401-963-2870x8317,319,"{""English"": ""C4"", ""Mathematics"": ""C4"", ""Physics"": ""C6"", ""Chemistry"": ""C6"", ""Biology"": ""B2"", ""Government"": ""B3"", ""Economics"": ""A1"", ""Literature"": ""C6"", ""CRS"": ""C6"", ""Geography"": ""C4""}","{""English"": 74, ""Mathematics"": 80, ""Physics"": 71, ""Chemistry"": 93, ""Biology"": 85, ""Government"": 40, ""Economics"": 48, ""Literature"": 41, ""CRS"": 53, ""Geography"": 80}",Architecture,Pharmacy,Economics,2025-11-28T14:48:49.367254+00:00,2025-11-28T14:48:49.367259+00:00,96
d89b6d8a-3a5f-435f-bb48-403bc42bf64a,Victoria Larson,Female,Lagos,7/8/2003,usalazar@example.net,(387)627-7434x87347,172,"{""English"": ""C4"", ""Mathematics"": ""C4"", ""Physics"": ""C6"", ""Chemistry"": ""C5"", ""Biology"": ""B3"", ""Government"": ""C5"", ""Economics"": ""A1"", ""Literature"": ""A1"", ""CRS"": ""A1"", ""Geography"": ""C6""}","{""English"": 89, ""Mathematics"": 91, ""Physics"": 52, ""Chemistry"": 66, ""Biology"": 66, ""Government"": 44, ""Economics"": 95, ""Literature"": 76, ""CRS"": 67, ""Geography"": 56}",Psychology,Psychology,Accounting,2025-11-28T14:48:49.367557+00:00,2025-11-28T14:48:49.367561+00:00,62
350cab3d-347a-4c64-be92-9184f002db03,George Orozco,Male,Delta,12/14/2003,taylorjesse@example.net,(231)566-5876,238,"{""English"": ""C4"", ""Mathematics"": ""C4"", ""Physics"": ""B3"", ""Chemistry"": ""A1"", ""Biology"": ""C5"", ""Government"": ""A1"", ""Economics"": ""B2"", ""Literature"": ""C6"", ""CRS"": ""C6"", ""Geography"": ""B3""}","{""English"": 72, ""Mathematics"": 95, ""Physics"": 42, ""Chemistry"": 59, ""Biology"": 98, ""Government"": 49, ""Economics"": 54, ""Literature"": 90, ""CRS"": 61, ""Geography"": 69}",Psychology,Psychology,Architecture,2025-11-28T14:48:49.367907+00:00,2025-11-28T14:48:49.367912+00:00,93
87785c58-f968-4f8d-9738-4fcee1c8f2bb,Jean Carrillo,Female,Anambra,3/27/2007,gateskathy@example.com,805.946.6889x3734,246,"{""English"": ""C5"", ""Mathematics"": ""A1"", ""Physics"": ""A1"", ""Chemistry"": ""C6"", ""Biology"": ""B2"", ""Government"": ""A1"", ""Economics"": ""A1"", ""Literature"": ""A1"", ""CRS"": ""C5"", ""Geography"": ""B3""}","{""English"": 47, ""Mathematics"": 76, ""Physics"": 81, ""Chemistry"": 92, ""Biology"": 55, ""Government"": 56, ""Economics"": 40, ""Literature"": 73, ""CRS"": 80, ""Geography"": 71}",Medicine,Law,Medicine,2025-11-28T14:48:49.368438+00:00,2025-11-28T14:48:49.368445+00:00,87
a4d2e254-5042-4b74-8739-27ed033f0068,George Shelton,Female,Kano,8/11/2000,dramsey@example.org,+1-280-669-9016x272,219,"{""English"": ""C4"", ""Mathematics"": ""B3"", ""Physics"": ""B3"", ""Chemistry"": ""C6"", ""Biology"": ""C5"", ""Government"": ""C4"", ""Economics"": ""C6"", ""Literature"": ""C6"", ""CRS"": ""B3"", ""Geography"": ""B2""}","{""English"": 51, ""Mathematics"": 84, ""Physics"": 43, ""Chemistry"": 83, ""Biology"": 56, ""Government"": 54, ""Economics"": 66, ""Literature"": 50, ""CRS"": 59, ""Geography"": 93}",Computer Science,Economics,Pharmacy,2025-11-28T14:48:49.368782+00:00,2025-11-28T14:48:49.368787+00:00,55
40aee75f-3c2e-4bfe-a6d5-88fd96f04dd9,Daniel Murphy,Female,Rivers,1/26/2003,aramirez@example.com,270-580-5310,291,"{""English"": ""C4"", ""Mathematics"": ""C5"", ""Physics"": ""B3"", ""Chemistry"": ""B3"", ""Biology"": ""B2"", ""Government"": ""C6"", ""Economics"": ""B3"", ""Literature"": ""B2"", ""CRS"": ""B3"", ""Geography"": ""C6""}","{""English"": 76, ""Mathematics"": 97, ""Physics"": 45, ""Chemistry"": 82, ""Biology"": 49, ""Government"": 43, ""Economics"": 46, ""Literature"": 97, ""CRS"": 75, ""Geography"": 75}",Architecture,Computer Science,Computer Science,2025-11-28T14:48:49.369099+00:00,2025-11-28T14:48:49.369104+00:00,68
651cbed0-f5cd-4a6f-975b-4081eecbcfcd,Alex Hernandez,Female,Anambra,8/7/2004,thomaswilson@example.org,645.829.9124x190,211,"{""English"": ""C5"", ""Mathematics"": ""A1"", ""Physics"": ""B3"", ""Chemistry"": ""C5"", ""Biology"": ""C6"", ""Government"": ""B3"", ""Economics"": ""A1"", ""Literature"": ""C6"", ""CRS"": ""A1"", ""Geography"": ""B3""}","{""English"": 67, ""Mathematics"": 86, ""Physics"": 93, ""Chemistry"": 66, ""Biology"": 54, ""Government"": 78, ""Economics"": 92, ""Literature"": 62, ""CRS"": 42, ""Geography"": 42}",Computer Science,Economics,Psychology,2025-11-28T14:48:49.369442+00:00,2025-11-28T14:48:49.369447+00:00,90
ff1dec4c-2dca-4851-830c-d5ac29b6e4df,Miguel Jones,Male,Rivers,10/7/2006,curtisbarton@example.net,+1-819-905-8651x850,261,"{""English"": ""C5"", ""Mathematics"": ""B2"", ""Physics"": ""B2"", ""Chemistry"": ""A1"", ""Biology"": ""B2"", ""Government"": ""C5"", ""Economics"": ""C4"", ""Literature"": ""C6"", ""CRS"": ""C4"", ""Geography"": ""C6""}","{""English"": 73, ""Mathematics"": 85, ""Physics"": 63, ""Chemistry"": 79, ""Biology"": 96, ""Government"": 82, ""Economics"": 45, ""Literature"": 76, ""CRS"": 41, ""Geography"": 84}",Law,Pharmacy,Computer Science,2025-11-28T14:48:49.369778+00:00,2025-11-28T14:48:49.369782+00:00,51
2c8f988c-6838-4f9e-bc2d-039028f59458,Tyler Reid,Male,Anambra,4/28/2004,bzimmerman@example.org,001-684-998-7769x4531,262,"{""English"": ""B2"", ""Mathematics"": ""C6"", ""Physics"": ""C6"", ""Chemistry"": ""C6"", ""Biology"": ""C5"", ""Government"": ""B2"", ""Economics"": ""B2"", ""Literature"": ""C6"", ""CRS"": ""C5"", ""Geography"": ""C4""}","{""English"": 48, ""Mathematics"": 58, ""Physics"": 58, ""Chemistry"": 92, ""Biology"": 41, ""Government"": 65, ""Economics"": 80, ""Literature"": 88, ""CRS"": 74, ""Geography"": 77}",Accounting,Economics,Economics,2025-11-28T14:48:49.370076+00:00,2025-11-28T14:48:49.370080+00:00,41
60990d4a-9d02-47b3-98fd-11e273507e48,John Bishop,Male,Lagos,11/12/2003,frogers@example.com,(273)554-5494,274,"{""English"": ""C4"", ""Mathematics"": ""C4"", ""Physics"": ""C5"", ""Chemistry"": ""C6"", ""Biology"": ""C6"", ""Government"": ""B3"", ""Economics"": ""C5"", ""Literature"": ""B2"", ""CRS"": ""C6"", ""Geography"": ""B2""}","{""English"": 41, ""Mathematics"": 51, ""Physics"": 61, ""Chemistry"": 49, ""Biology"": 51, ""Government"": 68, ""Economics"": 62, ""Literature"": 53, ""CRS"": 79, ""Geography"": 81}",Economics,Law,Medicine,2025-11-28T14:48:49.370367+00:00,2025-11-28T14:48:49.370371+00:00,81
8491e5fa-a16f-4bb7-bab9-93cf7a346235,Nathan Freeman,Female,Abuja,7/10/2008,hannahbrewer@example.com,701.843.6349x578,324,"{""English"": ""B2"", ""Mathematics"": ""B3"", ""Physics"": ""C5"", ""Chemistry"": ""C6"", ""Biology"": ""C5"", ""Government"": ""B3"", ""Economics"": ""C4"", ""Literature"": ""C5"", ""CRS"": ""C6"", ""Geography"": ""B2""}","{""English"": 81, ""Mathematics"": 97, ""Physics"": 85, ""Chemistry"": 56, ""Biology"": 48, ""Government"": 77, ""Economics"": 65, ""Literature"": 60, ""CRS"": 94, ""Geography"": 45}",Computer Science,Law,Architecture,2025-11-28T14:48:49.370701+00:00,2025-11-28T14:48:49.370705+00:00,46
73d8fb25-2436-41d9-b965-77bc5f36bf11,Krista Bell MD,Female,Oyo,4/20/2007,john13@example.com,682-333-7498,202,"{""English"": ""C5"", ""Mathematics"": ""C5"", ""Physics"": ""B3"", ""Chemistry"": ""A1"", ""Biology"": ""B3"", ""Government"": ""C6"", ""Economics"": ""B2"", ""Literature"": ""C5"", ""CRS"": ""B3"", ""Geography"": ""B2""}","{""English"": 87, ""Mathematics"": 61, ""Physics"": 46, ""Chemistry"": 94, ""Biology"": 89, ""Government"": 88, ""Economics"": 40, ""Literature"": 49, ""CRS"": 74, ""Geography"": 87}",Pharmacy,Accounting,Medicine,2025-11-28T14:48:49.370995+00:00,2025-11-28T14:48:49.371000+00:00,53
288088e3-c0a6-45c7-957a-7d0276e73bb7,Elizabeth Ward,Male,Delta,12/28/2005,alexis82@example.com,6089427109,301,"{""English"": ""C4"", ""Mathematics"": ""A1"", ""Physics"": ""A1"", ""Chemistry"": ""B2"", ""Biology"": ""A1"", ""Government"": ""C6"", ""Economics"": ""B2"", ""Literature"": ""C6"", ""CRS"": ""B2"", ""Geography"": ""B2""}","{""English"": 57, ""Mathematics"": 91, ""Physics"": 56, ""Chemistry"": 81, ""Biology"": 95, ""Government"": 81, ""Economics"": 65, ""Literature"": 87, ""CRS"": 87, ""Geography"": 56}",Law,Law,Architecture,2025-11-28T14:48:49.371288+00:00,2025-11-28T14:48:49.371292+00:00,93
5f5f9d22-7de9-4131-b0f5-c0a4faea3be8,Glen Sheppard,Male,Delta,3/22/2002,shelley71@example.org,(871)590-2294x1318,170,"{""English"": ""C6"", ""Mathematics"": ""A1"", ""Physics"": ""B3"", ""Chemistry"": ""C4"", ""Biology"": ""B3"", ""Government"": ""B3"", ""Economics"": ""A1"", ""Literature"": ""A1"", ""CRS"": ""C4"", ""Geography"": ""B2""}","{""English"": 40, ""Mathematics"": 96, ""Physics"": 90, ""Chemistry"": 58, ""Biology"": 75, ""Government"": 84, ""Economics"": 72, ""Literature"": 68, ""CRS"": 67, ""Geography"": 45}",Architecture,Medicine,Accounting,2025-11-28T14:48:49.371586+00:00,2025-11-28T14:48:49.371591+00:00,60
e20c4dfb-5202-4872-81a9-ea665dabcb64,Jamie Kerr,Female,Kano,5/10/2008,michelle64@example.net,+1-309-413-3412x328,326,"{""English"": ""B2"", ""Mathematics"": ""A1"", ""Physics"": ""A1"", ""Chemistry"": ""A1"", ""Biology"": ""C5"", ""Government"": ""B3"", ""Economics"": ""A1"", ""Literature"": ""A1"", ""CRS"": ""C5"", ""Geography"": ""C5""}","{""English"": 94, ""Mathematics"": 92, ""Physics"": 77, ""Chemistry"": 47, ""Biology"": 55, ""Government"": 93, ""Economics"": 48, ""Literature"": 69, ""CRS"": 70, ""Geography"": 85}",Medicine,Psychology,Law,2025-11-28T14:48:49.371880+00:00,2025-11-28T14:48:49.371884+00:00,96
9443ca14-a9bb-4f52-b36c-aae884e6b1cb,Jerry Wheeler,Female,Delta,6/12/2001,antonio44@example.net,413.349.3618x324,211,"{""English"": ""C4"", ""Mathematics"": ""C5"", ""Physics"": ""C4"", ""Chemistry"": ""C4"", ""Biology"": ""B3"", ""Government"": ""A1"", ""Economics"": ""A1"", ""Literature"": ""A1"", ""CRS"": ""C4"", ""Geography"": ""A1""}","{""English"": 46, ""Mathematics"": 50, ""Physics"": 71, ""Chemistry"": 90, ""Biology"": 76, ""Government"": 45, ""Economics"": 69, ""Literature"": 50, ""CRS"": 77, ""Geography"": 76}",Architecture,Economics,Architecture,2025-11-28T14:48:49.372147+00:00,2025-11-28T14:48:49.372152+00:00,89
7e454dac-061b-44d3-8917-5530796c851f,Ricky Larson,Female,Rivers,4/10/2004,scott74@example.net,(248)387-7190x6594,326,"{""English"": ""C4"", ""Mathematics"": ""C6"", ""Physics"": ""A1"", ""Chemistry"": ""C4"", ""Biology"": ""C4"", ""Government"": ""C5"", ""Economics"": ""B3"", ""Literature"": ""C6"", ""CRS"": ""B3"", ""Geography"": ""B3""}","{""English"": 89, ""Mathematics"": 64, ""Physics"": 84, ""Chemistry"": 97, ""Biology"": 60, ""Government"": 89, ""Economics"": 56, ""Literature"": 69, ""CRS"": 59, ""Geography"": 54}",Law,Medicine,Medicine,2025-11-28T14:48:49.372399+00:00,2025-11-28T14:48:49.372404+00:00,76
d1a060be-a689-4720-aab1-1051d3c1126c,Michael Valencia,Male,Abuja,10/8/2001,keyemily@example.com,001-802-978-7429,168,"{""English"": ""B3"", ""Mathematics"": ""B3"", ""Physics"": ""C4"", ""Chemistry"": ""C5"", ""Biology"": ""A1"", ""Government"": ""A1"", ""Economics"": ""C4"", ""Literature"": ""C5"", ""CRS"": ""A1"", ""Geography"": ""B2""}","{""English"": 92, ""Mathematics"": 75, ""Physics"": 40, ""Chemistry"": 49, ""Biology"": 40, ""Government"": 59, ""Economics"": 51, ""Literature"": 79, ""CRS"": 64, ""Geography"": 69}",Accounting,Computer Science,Accounting,2025-11-28T14:48:49.372727+00:00,2025-11-28T14:48:49.372732+00:00,58
eeaa20cb-5277-4994-83eb-2559aaf4ceaf,Julie Ortiz,Male,Oyo,8/22/2005,elizabeth25@example.com,001-874-268-0715x451,220,"{""English"": ""A1"", ""Mathematics"": ""B2"", ""Physics"": ""A1"", ""Chemistry"": ""C6"", ""Biology"": ""A1"", ""Government"": ""B2"", ""Economics"": ""C4"", ""Literature"": ""A1"", ""CRS"": ""B2"", ""Geography"": ""A1""}","{""English"": 92, ""Mathematics"": 44, ""Physics"": 79, ""Chemistry"": 96, ""Biology"": 44, ""Government"": 93, ""Economics"": 78, ""Literature"": 55, ""CRS"": 67, ""Geography"": 54}",Architecture,Economics,Computer Science,2025-11-28T14:48:49.372992+00:00,2025-11-28T14:48:49.372997+00:00,76
c018336a-e8c3-4ce6-ae1f-f2314cacbbbf,Kimberly Gutierrez,Male,Delta,4/26/2003,aprildean@example.com,+1-570-434-8247x7109,225,"{""English"": ""C4"", ""Mathematics"": ""A1"", ""Physics"": ""C4"", ""Chemistry"": ""B2"", ""Biology"": ""C6"", ""Government"": ""B3"", ""Economics"": ""C6"", ""Literature"": ""A1"", ""CRS"": ""C4"", ""Geography"": ""B3""}","{""English"": 89, ""Mathematics"": 51, ""Physics"": 61, ""Chemistry"": 70, ""Biology"": 64, ""Government"": 61, ""Economics"": 53, ""Literature"": 70, ""CRS"": 80, ""Geography"": 48}",Computer Science,Accounting,Economics,2025-11-28T14:48:49.373326+00:00,2025-11-28T14:48:49.373330+00:00,94
d21bc215-b83f-4d5d-9201-66c64e29db35,Adam Russell,Male,Kaduna,5/18/2002,victoriadurham@example.com,527-948-4677,196,"{""English"": ""C6"", ""Mathematics"": ""A1"", ""Physics"": ""B2"", ""Chemistry"": ""A1"", ""Biology"": ""C6"", ""Government"": ""A1"", ""Economics"": ""C4"", ""Literature"": ""C6"", ""CRS"": ""B2"", ""Geography"": ""C4""}","{""English"": 94, ""Mathematics"": 45, ""Physics"": 65, ""Chemistry"": 64, ""Biology"": 49, ""Government"": 40, ""Economics"": 76, ""Literature"": 67, ""CRS"": 91, ""Geography"": 78}",Psychology,Medicine,Economics,2025-11-28T14:48:49.373655+00:00,2025-11-28T14:48:49.373660+00:00,81
5e23caaa-cc78-481a-b3e7-550b93024255,Janet Weeks,Female,Kano,5/30/2005,michellehill@example.com,784-804-4997x27875,354,"{""English"": ""C5"", ""Mathematics"": ""C4"", ""Physics"": ""B2"", ""Chemistry"": ""B2"", ""Biology"": ""B2"", ""Government"": ""C6"", ""Economics"": ""C5"", ""Literature"": ""C6"", ""CRS"": ""B3"", ""Geography"": ""A1""}","{""English"": 57, ""Mathematics"": 45, ""Physics"": 71, ""Chemistry"": 69, ""Biology"": 42, ""Government"": 95, ""Economics"": 73, ""Literature"": 51, ""CRS"": 40, ""Geography"": 68}",Computer Science,Law,Architecture,2025-11-28T14:48:49.374000+00:00,2025-11-28T14:48:49.374005+00:00,97
cd404dbd-1bc9-468f-b037-d21f54d33027,Frank Lopez,Female,Oyo,1/13/2008,ashleyhall@example.com,7573662702,193,"{""English"": ""C4"", ""Mathematics"": ""C5"", ""Physics"": ""C6"", ""Chemistry"": ""C5"", ""Biology"": ""C6"", ""Government"": ""B2"", ""Economics"": ""C6"", ""Literature"": ""C6"", ""CRS"": ""C5"", ""Geography"": ""C4""}","{""English"": 95, ""Mathematics"": 93, ""Physics"": 95, ""Chemistry"": 57, ""Biology"": 45, ""Government"": 48, ""Economics"": 82, ""Literature"": 61, ""CRS"": 41, ""Geography"": 79}",Accounting,Psychology,Accounting,2025-11-28T14:48:49.374327+00:00,2025-11-28T14:48:49.374331+00:00,93
a4826fc5-558a-4d06-a323-b246327d810b,Jessica Fox,Male,Anambra,2/12/2005,jsmith@example.com,+1-921-274-5961x5865,206,"{""English"": ""C4"", ""Mathematics"": ""B3"", ""Physics"": ""A1"", ""Chemistry"": ""C6"", ""Biology"": ""C5"", ""Government"": ""C6"", ""Economics"": ""C4"", ""Literature"": ""A1"", ""CRS"": ""B3"", ""Geography"": ""B3""}","{""English"": 62, ""Mathematics"": 92, ""Physics"": 77, ""Chemistry"": 54, ""Biology"": 86, ""Government"": 73, ""Economics"": 85, ""Literature"": 83, ""CRS"": 48, ""Geography"": 62}",Medicine,Psychology,Psychology,2025-11-28T14:48:49.374609+00:00,2025-11-28T14:48:49.374614+00:00,97
73ddcc70-91ee-4f6f-9f3e-5aa5402c0c79,Cynthia Cohen,Male,Kano,6/17/2008,wendy16@example.org,001-517-824-0050x45562,147,"{""English"": ""A1"", ""Mathematics"": ""B3"", ""Physics"": ""A1"", ""Chemistry"": ""A1"", ""Biology"": ""B3"", ""Government"": ""B3"", ""Economics"": ""B2"", ""Literature"": ""C6"", ""CRS"": ""A1"", ""Geography"": ""B2""}","{""English"": 47, ""Mathematics"": 76, ""Physics"": 50, ""Chemistry"": 40, ""Biology"": 85, ""Government"": 93, ""Economics"": 90, ""Literature"": 71, ""CRS"": 68, ""Geography"": 43}",Accounting,Law,Law,2025-11-28T14:48:49.374863+00:00,2025-11-28T14:48:49.374868+00:00,94
42fb01f7-13f3-4c80-91fa-2349a2055aba,Rebecca Jackson,Male,Lagos,9/29/2001,lynchpatrick@example.net,279.923.7474,345,"{""English"": ""C4"", ""Mathematics"": ""B3"", ""Physics"": ""B2"", ""Chemistry"": ""C4"", ""Biology"": ""B3"", ""Government"": ""B2"", ""Economics"": ""A1"", ""Literature"": ""B3"", ""CRS"": ""B2"", ""Geography"": ""A1""}","{""English"": 68, ""Mathematics"": 46, ""Physics"": 85, ""Chemistry"": 87, ""Biology"": 40, ""Government"": 52, ""Economics"": 52, ""Literature"": 87, ""CRS"": 42, ""Geography"": 55}",Psychology,Architecture,Economics,2025-11-28T14:48:49.375228+00:00,2025-11-28T14:48:49.375233+00:00,83
a4c74b0b-55d5-4bf6-881c-c938076b49e2,Megan Moore,Female,Kaduna,2/5/2003,llandry@example.com,+1-664-674-3671x3695,149,"{""English"": ""C4"", ""Mathematics"": ""C5"", ""Physics"": ""C6"", ""Chemistry"": ""A1"", ""Biology"": ""C4"", ""Government"": ""C6"", ""Economics"": ""B3"", ""Literature"": ""B2"", ""CRS"": ""C4"", ""Geography"": ""C6""}","{""English"": 70, ""Mathematics"": 97, ""Physics"": 52, ""Chemistry"": 66, ""Biology"": 65, ""Government"": 96, ""Economics"": 59, ""Literature"": 92, ""CRS"": 77, ""Geography"": 79}",Architecture,Economics,Architecture,2025-11-28T14:48:49.375544+00:00,2025-11-28T14:48:49.375549+00:00,57
